{
  "experiment 1": {
    "timestamps": [
      3.0,
      6.0,
      9.0,
      12.0,
      15.0,
      18.0,
      21.0,
      24.0,
      27.0
    ],
    "measurements": [
      0.5748229690715928,
      0.4439218648937696,
      0.3640308631690381,
      0.2185784979958768,
      0.19069948604090806,
      0.19453861042332576,
      0.1650323749482511,
      0.12458852421024794,
      0.0919018134000087
    ]
  },
  "experiment 2": {
    "timestamps": [
      3.0,
      6.0,
      9.0,
      12.0,
      15.0,
      18.0,
      21.0,
      24.0,
      27.0
    ],
    "measurements": [
      0.5521527073962217,
      0.41561811190343373,
      0.24093373785182542,
      0.16118876462599177,
      0.10932625119522779,
      0.11864791122710266,
      0.10504145531935816,
      0.06886384078796906,
      0.011024240104930194
    ]
  },
  "experiment 3": {
    "timestamps": [
      3.0,
      6.0,
      9.0,
      12.0,
      15.0,
      18.0,
      21.0,
      24.0,
      27.0
    ],
    "measurements": [
      0.6230621736295441,
      0.4568926485643605,
      0.2904170399879337,
      0.2821511802902495,
      0.20280300148823666,
      0.1901330027547357,
      0.16510541617333557,
      0.19585239894719886,
      0.12608809791912784
    ]
  }
}